path,verdict,informative_pct,raw_pct,informative_bytes,matched,still_clean,conflict,vacuous,total_bytes,out_of_range,expanded_area,alignment_delta,uninstall_patch,md5,duplicate_of_paths
"backups, other ppls patches\[3687]Final+Fantasy+V+-+GBA+Script+Port\ff5\Bugfixes.ips",ABSENT,3.4%,10.7%,85678,2941,1911,80826,6992,92670,0,0,0,,80c763f3a027dda556b537b8d4c6d5ca,"backups, other ppls patches\GBA script patch for RPGe.zip::GBA script patch for RPGe/Bugfixes.ips"
"backups, other ppls patches\[3687]Final+Fantasy+V+-+GBA+Script+Port\ff5\Final Fantasy V - GBA Script Port.ips",PARTIAL,5.8%,65.9%,197835,11461,41290,145084,347927,545762,0,0,0,,cd8e811adac7870bc6746ef07d4cbc9a,"backups, other ppls patches\GBA script patch for RPGe.zip::GBA script patch for RPGe/Final Fantasy V - GBA Script Port.ips"
"backups, other ppls patches\[3687]Final+Fantasy+V+-+GBA+Script+Port\ff5\Ginger Battle Galuf.ips",ABSENT,0.0%,0.0%,132,0,132,0,0,132,0,0,0,,5fb60796178aacca593fab2e91e58ec3,cosmetic patches\Ginger Battle Galuf (by J121).ips
"backups, other ppls patches\[6710]Final+Fantasy+V+Better+Job+Equipment+by+T92\Final Fantasy V Better Job Equipment.ips",ABSENT,0.0%,0.0%,8,0,7,1,0,8,0,0,0,,2376010df3b2ee2131a3fc6754befb55,"backups, other ppls patches\[6710]Final+Fantasy+V+Better+Job+Equipment+by+T92\[6710]Final+Fantasy+V+Better+Job+Equipment.zip::Final Fantasy V Better Job Equipment.ips; backups, other ppls patches\[6710]Final+Fantasy+V+Better+Job+Equipment.zip::Final Fantasy V Better Job Equipment.ips"
"backups, other ppls patches\[6789]Final+Fantasy+V+Tweaks+v2.7b\Final Fantasy V Dress Code.ips",PARTIAL,29.1%,46.6%,158661,46094,16689,95878,52044,210705,0,210681,0,,07a3b978f68bca879a1a030525c0b31c,
"backups, other ppls patches\[6789]Final+Fantasy+V+Tweaks+v2.7b\Final Fantasy V Tweaks v2.7a.ips",PARTIAL,6.5%,68.9%,184677,12009,29078,143590,369978,554655,0,0,0,,2c0e8c88b458d6ef76e99513bb54c93e,
"backups, other ppls patches\[6789]Final+Fantasy+V+Tweaks+v2.7b\Optional Patches\GBA Font.ips",PARTIAL,9.2%,16.3%,2169,199,259,1711,186,2355,0,0,0,,4ca87c70cb21af04263899c986b64b1b,
"backups, other ppls patches\[6789]Final+Fantasy+V+Tweaks+v2.7b\Optional Patches\Inus_patches.ips",APPLIED,99.8%,99.9%,3975,3969,5,1,162,4137,0,0,0,,239f3ec7d1ecd849ecb33ea79def3c9f,
"backups, other ppls patches\[6789]Final+Fantasy+V+Tweaks+v2.7b\Optional Patches\Old Font.ips",PARTIAL,51.3%,54.5%,505,259,17,229,36,541,0,0,0,,238d52fa9f3bc565b100ec43e1ba4340,
"backups, other ppls patches\[6789]Final+Fantasy+V+Tweaks+v2.7b\Optional Patches\PS1 Font.ips",PARTIAL,63.6%,67.9%,1436,913,26,497,193,1629,0,0,0,,56f2e42373dc4c6aed8763ba1847f23e,
"backups, other ppls patches\[6789]Final+Fantasy+V+Tweaks+v2.7b\Optional Patches\PS1_Dash.ips",APPLIED,100.0%,100.0%,38,38,0,0,0,38,0,0,0,,0c583ab3814324d9a4bda4d4d9a4b7ef,
"backups, other ppls patches\[6858]ff5_replace_drag_spell_v1.0\ff5_drag_to_haste_self.ips",PARTIAL,33.3%,37.5%,15,5,1,9,1,16,0,0,0,,60ae7507e61ef35b2bfb7687272b61ce,"backups, other ppls patches\[6858]ff5_replace_drag_spell_v1.0 - Tzepish.zip::ff5_drag_to_haste_self.ips"
"backups, other ppls patches\[6858]ff5_replace_drag_spell_v1.0\ff5_drag_to_levelup_self.ips",PARTIAL,38.5%,50.0%,13,5,1,7,3,16,0,0,0,,e273770ae951ecb739ea5bb81ad8a281,"backups, other ppls patches\[6858]ff5_replace_drag_spell_v1.0 - Tzepish.zip::ff5_drag_to_levelup_self.ips"
"backups, other ppls patches\[6858]ff5_replace_drag_spell_v1.0\ff5_drag_to_mpcharge_self.ips",APPLIED,100.0%,100.0%,14,14,0,0,1,15,0,0,0,,0751737e853333dfd5968fea10ce860f,"backups, other ppls patches\[6858]ff5_replace_drag_spell_v1.0 - Tzepish.zip::ff5_drag_to_mpcharge_self.ips"
"backups, other ppls patches\[6858]ff5_replace_drag_spell_v1.0\ff5_drag_to_nullstatus_self.ips",PARTIAL,35.7%,43.8%,14,5,1,8,2,16,0,0,0,,b39733dc08796dc3b00716ae291582b2,"backups, other ppls patches\[6858]ff5_replace_drag_spell_v1.0 - Tzepish.zip::ff5_drag_to_nullstatus_self.ips"
"backups, other ppls patches\[6858]ff5_replace_drag_spell_v1.0\ff5_optional_rename_lv_up.ips",ABSENT,0.0%,0.0%,5,0,1,4,0,5,0,0,0,,ea82175f1c5b15272c4985f99097a31d,"backups, other ppls patches\[6858]ff5_replace_drag_spell_v1.0\Optional Rename Patches\ff5_optional_rename_lv_up.ips; backups, other ppls patches\[6858]ff5_replace_drag_spell_v1.0 - Tzepish.zip::Optional Rename Patches/ff5_optional_rename_lv_up.ips"
"backups, other ppls patches\[6858]ff5_replace_drag_spell_v1.0\Optional Rename Patches\ff5_optional_rename_boost.ips",ABSENT,0.0%,0.0%,5,0,1,4,0,5,0,0,0,,d56e9385c450d876460149e6ac87ce32,"backups, other ppls patches\[6858]ff5_replace_drag_spell_v1.0 - Tzepish.zip::Optional Rename Patches/ff5_optional_rename_boost.ips"
"backups, other ppls patches\[6858]ff5_replace_drag_spell_v1.0\Optional Rename Patches\ff5_optional_rename_chrge.ips",PARTIAL,50.0%,60.0%,4,2,0,2,1,5,0,0,0,,7bc68cbbeda3aded8665a3fd5bc2f404,"backups, other ppls patches\[6858]ff5_replace_drag_spell_v1.0 - Tzepish.zip::Optional Rename Patches/ff5_optional_rename_chrge.ips"
"backups, other ppls patches\[6858]ff5_replace_drag_spell_v1.0\Optional Rename Patches\ff5_optional_rename_focus.ips",ABSENT,0.0%,0.0%,5,0,1,4,0,5,0,0,0,,b49d665fd78ad3559994d616b88e2b6d,"backups, other ppls patches\[6858]ff5_replace_drag_spell_v1.0 - Tzepish.zip::Optional Rename Patches/ff5_optional_rename_focus.ips"
"backups, other ppls patches\[6858]ff5_replace_drag_spell_v1.0\Optional Rename Patches\ff5_optional_rename_level.ips",ABSENT,0.0%,0.0%,5,0,1,4,0,5,0,0,0,,98c8ebf4dea2c65b7f362dac1f6ac9aa,"backups, other ppls patches\[6858]ff5_replace_drag_spell_v1.0 - Tzepish.zip::Optional Rename Patches/ff5_optional_rename_level.ips"
"backups, other ppls patches\[6858]ff5_replace_drag_spell_v1.0\Optional Rename Patches\ff5_optional_rename_mp_up.ips",ABSENT,0.0%,0.0%,5,0,1,4,0,5,0,0,0,,fa5cf7301ad173585882ed4b93b28832,"backups, other ppls patches\[6858]ff5_replace_drag_spell_v1.0 - Tzepish.zip::Optional Rename Patches/ff5_optional_rename_mp_up.ips"
"backups, other ppls patches\[6858]ff5_replace_drag_spell_v1.0\Optional Rename Patches\ff5_optional_rename_null.ips",PARTIAL,25.0%,40.0%,4,1,1,2,1,5,0,0,0,,b710535eb4ed40169a15d421dd4d9faa,"backups, other ppls patches\[6858]ff5_replace_drag_spell_v1.0 - Tzepish.zip::Optional Rename Patches/ff5_optional_rename_null.ips"
"backups, other ppls patches\[6858]ff5_replace_drag_spell_v1.0\Optional Rename Patches\ff5_optional_rename_null_squish.ips",PARTIAL,25.0%,40.0%,4,1,1,2,1,5,0,0,0,,d5868f67309638116d55c7bd65035d6f,"backups, other ppls patches\[6858]ff5_replace_drag_spell_v1.0 - Tzepish.zip::Optional Rename Patches/ff5_optional_rename_null_squish.ips"
"backups, other ppls patches\[6858]ff5_replace_drag_spell_v1.0\Optional Rename Patches\ff5_optional_rename_nullify_squish.ips",PARTIAL,20.0%,20.0%,5,1,1,3,0,5,0,0,0,,52985ba86779729aa66df36e379a1660,"backups, other ppls patches\[6858]ff5_replace_drag_spell_v1.0 - Tzepish.zip::Optional Rename Patches/ff5_optional_rename_nullify_squish.ips"
"backups, other ppls patches\[6858]ff5_replace_drag_spell_v1.0\Optional Rename Patches\ff5_optional_rename_speed.ips",PARTIAL,20.0%,20.0%,5,1,1,3,0,5,0,0,0,,ca01990c0e334494bfe5d821866c50c1,"backups, other ppls patches\[6858]ff5_replace_drag_spell_v1.0 - Tzepish.zip::Optional Rename Patches/ff5_optional_rename_speed.ips"
"backups, other ppls patches\[6858]ff5_replace_drag_spell_v1.0\Optional Rename Patches\ff5_optional_rename_surge.ips",APPLIED,100.0%,100.0%,4,4,0,0,1,5,0,0,0,,d161f191d11aa277e3c53a3269e68290,"backups, other ppls patches\[6858]ff5_replace_drag_spell_v1.0 - Tzepish.zip::Optional Rename Patches/ff5_optional_rename_surge.ips"
"backups, other ppls patches\[7573]Final+Fantasy+V+Easy+Learning\Auto Learning.ips",ABSENT,0.0%,0.0%,8,0,4,4,0,8,0,0,0,,d2f547d2d1420f79df96f8f7e04b828f,
"backups, other ppls patches\[7573]Final+Fantasy+V+Easy+Learning\Easy Learning.ips",ABSENT,0.0%,10.9%,82,0,78,4,10,92,0,0,0,,c438227a05dec81c79277b31cebdc88c,
"backups, other ppls patches\[8749](FF5+Double+EXP,+Gold+and+ABP+1.0+by+C_CliFF)+(bugfixes+1.1+by+clymax)\ff5_dbl_xp_gold_abp_headered.ips",ABSENT,0.0%,0.0%,60,0,39,21,0,60,0,0,0,,2bbab51f193b7cf479f49d482bf52547,"backups, other ppls patches\[5665]ff5_dbl_xp_gold_abp.zip::ff5_dbl_xp_gold_abp_headered.ips; backups, other ppls patches\[8749](FF5+Double+EXP,+Gold+and+ABP+1.0+by+C_CliFF)+(bugfixes+1.1+by+clymax)\[5665]ff5_dbl_xp_gold_abp.zip::ff5_dbl_xp_gold_abp_headered.ips"
"backups, other ppls patches\[8749](FF5+Double+EXP,+Gold+and+ABP+1.0+by+C_CliFF)+(bugfixes+1.1+by+clymax)\ff5_dbl_xp_gold_abp_unheadered.ips",ABSENT,0.0%,1.7%,59,0,59,0,1,60,0,0,-512,,f984049da29b1c99f114018f6000dd7d,"backups, other ppls patches\[5665]ff5_dbl_xp_gold_abp.zip::ff5_dbl_xp_gold_abp_unheadered.ips; backups, other ppls patches\[8749](FF5+Double+EXP,+Gold+and+ABP+1.0+by+C_CliFF)+(bugfixes+1.1+by+clymax)\[5665]ff5_dbl_xp_gold_abp.zip::ff5_dbl_xp_gold_abp_unheadered.ips"
"backups, other ppls patches\[8749](FF5+Double+EXP,+Gold+and+ABP+1.0+by+C_CliFF)+(bugfixes+1.1+by+clymax)\Final Fantasy V (Japan) [En by RPGe v1.1] (FF5 Double EXP, Gold and ABP 1.0 by C_CliFF) (bugfixes 1.1 by clymax).ips",ABSENT,0.0%,7.7%,48,0,48,0,4,52,0,0,0,,4b5bfab8657df3ae9cfad9f17198b547,"backups, other ppls patches\[8749](FF5+Double+EXP,+Gold+and+ABP+1.0+by+C_CliFF)+(bugfixes+1.1+by+clymax)\[8749]Final+Fantasy+V+(Japan)+[En+by+RPGe+v1.1]+(FF5+Double+EXP,+Gold+and+ABP+1.0+by+C_CliFF)+(bugfixes+1.1+by+clymax).zip::Final Fantasy V (Japan) [En by RPGe v1.1] (FF5 Double EXP, Gold and ABP 1.0 by C_CliFF) (bugfixes 1.1 by clymax).ips"
"backups, other ppls patches\FF5 Map Always Available (by Tzepish).ips",ABSENT,0.0%,0.0%,2,0,2,0,0,2,0,0,0,,518c508b390e3518c68eec79330ee7e7,
"backups, other ppls patches\ff5_msu1_translation_v2 kurrono.ips",APPLIED,100.0%,100.0%,450,450,0,0,1,451,0,0,0,,bb34f762b15e017409a6ce2f73cea01b,
"backups, other ppls patches\FFV [T+Spa1_06f_noisecross] interesting icons\Final Fantasy V (J) [T+Spa1.06f_noisecross][CRC32_4BADF779].ips",ABSENT,3.3%,65.4%,200829,6643,38008,156178,360374,561203,0,0,0,,56fc3a1a2987d3f62101ff2f429be11f,
"backups, other ppls patches\FFV L+R Leader Swap by Cubear.ips",PARTIAL,8.8%,15.1%,500,44,31,425,37,537,0,519,0,,ffd5109986c6bb9be9766117785b4c90,
"backups, other ppls patches\lrleader - Cubear.ips",APPLIED,99.3%,99.4%,613,609,0,4,48,661,0,636,0,,2ad1ada6c622e636845e271cac1906c9,
"backups, other ppls patches\MrShutCo-bettershop-wip\FF5 Better Shop depatcher.ips",ABSENT,0.0%,99.3%,4,0,0,4,595,599,0,0,0,,60a81544350ff7daad41a9be6482d4c0,
"backups, other ppls patches\start encounters - Cubear.ips",PARTIAL,95.1%,95.3%,82,78,0,4,3,85,0,68,0,,e353e9fc59d58ef90b7e7d0545382ac6,
cosmetic patches\FF5 Character Change 0.3 by Tsushiy\FF5 Character Change 0.3\FF5 Character Change 0.3 (Record Keeper sprites by Tsushiy).ips,PARTIAL,7.5%,7.5%,39765,3002,17186,19577,0,39765,0,0,0,,40969fdaa7779bb36e45314617da580f,"cosmetic patches\FF5 Character Change 0.3 by Tsushiy\FF5 Character Change 0.3\FF5 Character Change 0.3.ips; backups, other ppls patches\FF5 Character Change 0.3 by Tsushiy.zip::FF5 Character Change 0.3/FF5 Character Change 0.3.ips"
cosmetic patches\FFV Sprite Touch-ups v103 by ChickenKnife.ips,PARTIAL,89.6%,91.1%,452,405,8,39,78,530,0,0,0,,97d57ec3353729c02c80718bd60999de,
cosmetic patches\FFV-DressCode-release6\Final.Fantasy.V.Dress.Code by Cubear.ips,PARTIAL,28.9%,46.5%,158564,45794,16689,96081,52120,210684,0,210660,0,,95a9697ee962379011cdafcf2b66fb0d,
cosmetic patches\Final Fantasy V vanilla field sprites.ips,ABSENT,1.7%,18.2%,646,11,532,103,130,776,0,0,-512,,3b1917b5cfec7b88248d5cf219a1be72,
cosmetic patches\Final_Fantasy_V_Dress_Code beta (Cubear).ips,PARTIAL,28.7%,46.4%,158518,45549,16700,96269,52186,210704,0,210680,0,,6e9ee76eb34e53064ddd38f49cacfb3d,
FFV inu patches (2008 - 2010)\base\ff5_core-1.6.ips,PARTIAL,30.7%,32.9%,1400,430,970,0,46,1446,0,0,0,,84de6ff083df8e89f8431b461d3e977a,
FFV inu patches (2008 - 2010)\base\ff5_core-1.7.ips,PARTIAL,27.0%,29.2%,1594,430,1164,0,50,1644,0,0,0,,7f48ff460980b0c8e175ea19dec2fb4e,FFV inu patches (2008 - 2010)\uninstall\anti_ff5_core-1.7.ips
FFV inu patches (2008 - 2010)\base\ff5_ext-1.2.ips,PARTIAL,12.3%,14.7%,610,75,506,29,17,627,0,0,0,,8b17fc6659c9fabc75ef1aff5e2a8419,
FFV inu patches (2008 - 2010)\bugfixes\ff5_atomos_wormhole.ips,ABSENT,0.0%,0.0%,7,0,7,0,0,7,0,0,0,,3eb55e8ccc9f5207dec16b8c0a4144ed,
FFV inu patches (2008 - 2010)\bugfixes\ff5_auto_jump.ips,APPLIED,100.0%,100.0%,30,30,0,0,1,31,0,0,0,,b8c69bcded639aa2dc9888c4252082ef,FFV inu patches (2008 - 2010)\improve\tactical Berserk\add these after\ff5_auto_jump.ips
FFV inu patches (2008 - 2010)\bugfixes\ff5_berserk_jump.ips,PARTIAL,79.6%,80.4%,49,39,0,10,2,51,0,0,0,,f1e81ab7216bc3e721ee52399d9f12d3,FFV inu patches (2008 - 2010)\improve\tactical Berserk\add these after\ff5_berserk_jump.ips
FFV inu patches (2008 - 2010)\bugfixes\ff5_butz_blue_mage_gfx.ips,PARTIAL,77.0%,78.1%,61,47,1,13,3,64,0,0,0,,7ef2df5111c64b5a90c02e163bbb181c,
FFV inu patches (2008 - 2010)\bugfixes\ff5_check.ips,APPLIED,100.0%,100.0%,1,1,0,0,0,1,0,0,0,,0677a2fc81995a2cffa41fef43f2cb24,
FFV inu patches (2008 - 2010)\bugfixes\ff5_chemist_ending.ips,ABSENT,0.0%,0.0%,3,0,3,0,0,3,0,0,0,,09ba564f0e6ede5428a2b0bc0dc20157,
FFV inu patches (2008 - 2010)\bugfixes\ff5_condemned.ips,ABSENT,0.0%,2.5%,79,0,79,0,2,81,0,0,0,,b7bf6d45183ac7171f81351ce35977dd,
FFV inu patches (2008 - 2010)\bugfixes\ff5_counter.ips,ABSENT,0.0%,0.0%,2,0,2,0,0,2,0,0,0,,b33778aa804d42e6d396cc84ca8dacfe,
FFV inu patches (2008 - 2010)\bugfixes\ff5_damage_overflow.ips,ABSENT,0.0%,0.0%,26,0,26,0,0,26,0,0,0,,ec488f0fc08507bce38342c87ceac10b,
FFV inu patches (2008 - 2010)\bugfixes\ff5_damage_overflow_mp.ips,ABSENT,0.0%,0.0%,72,0,72,0,0,72,0,0,0,,585e69e66ed629a098106674b9074eef,
FFV inu patches (2008 - 2010)\bugfixes\ff5_darkbow.ips,ABSENT,0.0%,0.0%,7,0,7,0,0,7,0,0,0,,605728f66466a21f1faca71bfd264679,
FFV inu patches (2008 - 2010)\bugfixes\ff5_dead_aegis_shield.ips,ABSENT,0.0%,4.2%,23,0,23,0,1,24,0,0,0,,ca43c6112baf97342766064fa561daa2,
FFV inu patches (2008 - 2010)\bugfixes\ff5_equip_change.ips,APPLIED,100.0%,100.0%,262,262,0,0,21,283,0,0,0,,5393bbfa5dd5a306745d8056267df316,FFV inu patches (2008 - 2010)\improve\ff5_equip_change.ips
FFV inu patches (2008 - 2010)\bugfixes\ff5_escape.ips,ABSENT,0.0%,0.0%,5,0,5,0,0,5,0,0,0,,65b5215d4d33bb9478f9784cdce673c6,
FFV inu patches (2008 - 2010)\bugfixes\ff5_evade_animation.ips,ABSENT,0.0%,3.4%,85,0,85,0,3,88,0,0,0,,587107649e078ba6bf5682d6e61d1d48,
FFV inu patches (2008 - 2010)\bugfixes\ff5_evade_overflow.ips,ABSENT,0.0%,4.9%,58,0,58,0,3,61,0,0,0,,cdf05ed8a4255cb09f1f6764267111af,
FFV inu patches (2008 - 2010)\bugfixes\ff5_gaiahammer.ips,ABSENT,0.0%,14.3%,12,0,12,0,2,14,0,0,-512,,0d2975527725cfbefeb62dcf4030a8f2,
FFV inu patches (2008 - 2010)\bugfixes\ff5_giantdrink_enemy.ips,ABSENT,0.0%,5.1%,37,0,37,0,2,39,0,0,-512,,d1b46964eb9837df95ede1b62c0408e9,
FFV inu patches (2008 - 2010)\bugfixes\ff5_golem.ips,ABSENT,0.0%,11.1%,8,0,8,0,1,9,0,0,0,,6efd96c3928832c3a2e1c69b9c3bddc3,
FFV inu patches (2008 - 2010)\bugfixes\ff5_hide_escape.ips,ABSENT,0.0%,2.0%,50,0,50,0,1,51,0,0,0,,c1c69d4070cc777ad601a2f7301f8790,
FFV inu patches (2008 - 2010)\bugfixes\ff5_hide_reveal.ips,ABSENT,0.0%,5.3%,18,0,18,0,1,19,0,0,0,,bea81a71d601da3530bf4f888cfea433,
FFV inu patches (2008 - 2010)\bugfixes\ff5_hp_leak_counter.ips,ABSENT,0.0%,15.4%,22,0,22,0,4,26,0,0,0,,d24e87838b65a7720fefa4ca5f0becb6,
FFV inu patches (2008 - 2010)\bugfixes\ff5_hp_leak_down.ips,ABSENT,0.0%,0.0%,6,0,6,0,0,6,0,0,0,,73ea2509d03f53d0897364dd2bfe1423,
FFV inu patches (2008 - 2010)\bugfixes\ff5_ineffective.ips,ABSENT,0.0%,0.0%,13,0,13,0,0,13,0,0,0,,1ddf035042fedda142b8bb125d87ca03,
FFV inu patches (2008 - 2010)\bugfixes\ff5_infinite_items.ips,ABSENT,0.0%,0.0%,1,0,1,0,0,1,0,0,0,,e468197c2695598fc3e4744efa5b4c37,
FFV inu patches (2008 - 2010)\bugfixes\ff5_item_delay.ips,ABSENT,0.0%,0.0%,17,0,17,0,0,17,0,0,0,,ac0d2f3827d12051bc11ef6473adf2c3,
FFV inu patches (2008 - 2010)\bugfixes\ff5_item_evade.ips,ABSENT,0.0%,0.0%,11,0,11,0,0,11,0,0,0,,9bfb2a9f12b9997c83f531ed68cbef0a,
FFV inu patches (2008 - 2010)\bugfixes\ff5_item_stat_bonus.ips,ABSENT,0.0%,0.0%,40,0,40,0,0,40,0,0,0,,106d1d56de25b8a49ed58e9397ab821a,
FFV inu patches (2008 - 2010)\bugfixes\ff5_item_transform.ips,ABSENT,0.0%,0.0%,11,0,11,0,0,11,0,0,0,,c98ed43414ba953b61c441e43dfd7396,
FFV inu patches (2008 - 2010)\bugfixes\ff5_item_weight.ips,ABSENT,0.0%,31.6%,13,0,13,0,6,19,0,0,0,,63f247f185d380c83f08bbec9d7617d0,
FFV inu patches (2008 - 2010)\bugfixes\ff5_learning.ips,ABSENT,0.0%,5.5%,188,0,188,0,11,199,0,0,0,,18895a38f215aa06edf4c7740a21fb05,
FFV inu patches (2008 - 2010)\bugfixes\ff5_magical_weapon.ips,ABSENT,0.0%,7.1%,13,0,13,0,1,14,0,0,0,,9967def12557467157ecb932a3ef1581,
FFV inu patches (2008 - 2010)\bugfixes\ff5_magicshell.ips,ABSENT,0.0%,5.4%,141,0,141,0,8,149,0,0,0,,b5dabf66237042f34874c872b2cb0b55,
FFV inu patches (2008 - 2010)\bugfixes\ff5_magicshell_fast.ips,ABSENT,0.0%,4.3%,88,0,88,0,4,92,0,0,0,,26cfdc63a9d4cbb0ae6a1e615b5c9601,
FFV inu patches (2008 - 2010)\bugfixes\ff5_magicshell_group.ips,ABSENT,0.0%,0.0%,2,0,2,0,0,2,0,0,0,,71fbb4ec0dc2ffbd35ecab488ac94ac7,
FFV inu patches (2008 - 2010)\bugfixes\ff5_magicshell_reflect.ips,ABSENT,0.0%,0.0%,2,0,2,0,0,2,0,0,0,,d587d9250195d72a42c9596fee1fc99d,
FFV inu patches (2008 - 2010)\bugfixes\ff5_mimic_blank.ips,ABSENT,0.0%,0.0%,5,0,5,0,0,5,0,0,0,,0acba607cc08791a88326dcab6ccabf1,
FFV inu patches (2008 - 2010)\bugfixes\ff5_mimic_meteor.ips,ABSENT,0.0%,4.2%,113,0,113,0,5,118,0,0,0,,75ade37f7bf1e2f3b5e4fae588f281fc,
FFV inu patches (2008 - 2010)\bugfixes\ff5_mimic_weapon.ips,ABSENT,0.0%,0.0%,18,0,18,0,0,18,0,0,0,,f1110e07c31a4d9d89bf5e061c00d9d4,
FFV inu patches (2008 - 2010)\bugfixes\ff5_mini_and_toad.ips,ABSENT,0.0%,0.0%,6,0,6,0,0,6,0,0,0,,ca52868c2d8a3d0068ba1ed192883d58,
FFV inu patches (2008 - 2010)\bugfixes\ff5_multi_se.ips,ABSENT,0.0%,0.0%,1,0,1,0,0,1,0,0,0,,12d1d78821c0f9e245c7e1d11f13c21c,
FFV inu patches (2008 - 2010)\bugfixes\ff5_old.ips,ABSENT,0.0%,8.3%,55,0,55,0,5,60,0,0,0,,5cd93763545eb2f420a5efa28d0b8fad,
FFV inu patches (2008 - 2010)\bugfixes\ff5_old_timer.ips,ABSENT,0.0%,8.3%,11,0,11,0,1,12,0,0,-512,,30d3fa8f21fe08cb6808569259ee3fcb,
FFV inu patches (2008 - 2010)\bugfixes\ff5_optimize.ips,APPLIED,100.0%,100.0%,319,319,0,0,15,334,0,0,0,,977ecaf184c4e1ba347c3616e4214fcd,FFV inu patches (2008 - 2010)\improve\ff5_optimize.ips
FFV inu patches (2008 - 2010)\bugfixes\ff5_possess.ips,ABSENT,0.0%,0.0%,1,0,1,0,0,1,0,0,0,,c318937e40f909fdfcb7e9c21da0f882,
FFV inu patches (2008 - 2010)\bugfixes\ff5_powerdrink.ips,ABSENT,0.0%,1.8%,54,0,54,0,1,55,0,0,0,,8536c615beb9c3747d348b4e4a0832a7,
FFV inu patches (2008 - 2010)\bugfixes\ff5_react_against_all_target.ips,ABSENT,0.0%,5.6%,17,0,17,0,1,18,0,0,-512,,1b7bd8705642c79b097f25eef9863ffc,
FFV inu patches (2008 - 2010)\bugfixes\ff5_react_against_reflect.ips,ABSENT,0.0%,3.8%,50,0,50,0,2,52,0,0,0,,a4e8b1aac17886c2a7a06a56130123a3,
FFV inu patches (2008 - 2010)\bugfixes\ff5_reapply_item_element.ips,ABSENT,0.0%,8.7%,95,0,95,0,9,104,0,0,0,,e6c94920051c7252f9793abb92af1750,
FFV inu patches (2008 - 2010)\bugfixes\ff5_reapply_item_immunity.ips,ABSENT,0.0%,0.0%,9,0,9,0,0,9,0,0,0,,09683a0404aeb1d4715a42256c62d3f0,
FFV inu patches (2008 - 2010)\bugfixes\ff5_reapply_item_state.ips,ABSENT,0.0%,1.4%,70,0,70,0,1,71,0,0,0,,f7906ff347fedb966932cb0b0c93761a,
FFV inu patches (2008 - 2010)\bugfixes\ff5_reequip.ips,APPLIED,99.5%,99.6%,440,438,1,1,55,495,0,0,0,,021932d6f557f9d3394818f5f4dc7887,
FFV inu patches (2008 - 2010)\bugfixes\ff5_remedy_petrified.ips,APPLIED,100.0%,100.0%,1,1,0,0,0,1,0,0,0,,ac94007704e7af83416413238a6c5786,
FFV inu patches (2008 - 2010)\bugfixes\ff5_remember.ips,ABSENT,0.0%,0.0%,1,0,1,0,0,1,0,0,0,,d174dd02561a69071c2282159c861257,
FFV inu patches (2008 - 2010)\bugfixes\ff5_return.ips,ABSENT,0.0%,4.9%,58,0,58,0,3,61,0,0,0,,950afbf60d47500eb7bcb275732ac45a,
FFV inu patches (2008 - 2010)\bugfixes\ff5_return_se.ips,ABSENT,0.0%,0.0%,1,0,1,0,0,1,0,0,0,,dc920382dfb38ad7c2da323740da7f41,
FFV inu patches (2008 - 2010)\bugfixes\ff5_roulette.ips,ABSENT,0.0%,3.8%,101,0,101,0,4,105,0,0,0,,d2ba8515330f78aec3fd63b89781a332,
FFV inu patches (2008 - 2010)\bugfixes\ff5_sandworm.ips,ABSENT,0.0%,28.0%,18,0,18,0,7,25,0,0,0,,e91a9b20f3a02bc95ce84ea22889a850,
FFV inu patches (2008 - 2010)\bugfixes\ff5_song.ips,ABSENT,0.0%,11.8%,45,0,45,0,6,51,0,0,0,,b9d355ce4aa7ce3255db681572ecd0ad,
FFV inu patches (2008 - 2010)\bugfixes\ff5_specialty.ips,ABSENT,0.0%,4.8%,119,0,119,0,6,125,0,0,0,,8bcebe6e3b89f70ec5c7379a7e5e2290,
FFV inu patches (2008 - 2010)\bugfixes\ff5_spellblade_osmose.ips,ABSENT,0.0%,0.0%,20,0,20,0,0,20,0,0,0,,bb7c305b655c2ef409d106eea62c522d,
FFV inu patches (2008 - 2010)\bugfixes\ff5_spellblade_osmose_for_ff5_damage_overflow_mp.ips,ABSENT,0.0%,0.0%,20,0,20,0,0,20,0,0,0,,e34d50405be705c4ba638013dc0c60bf,
FFV inu patches (2008 - 2010)\bugfixes\ff5_stuck_bug.ips,ABSENT,0.0%,3.0%,96,0,92,4,3,99,0,0,-512,,4a78732b7cce165c55cfb625d5c5578e,
FFV inu patches (2008 - 2010)\bugfixes\ff5_stuck_teleport.ips,ABSENT,0.0%,7.1%,13,0,13,0,1,14,0,0,-512,,392250d759233f4c234ac4a0ea6b7a59,
FFV inu patches (2008 - 2010)\bugfixes\ff5_swdslap.ips,APPLIED,100.0%,100.0%,31,31,0,0,2,33,0,0,0,,fbfc59901789718e81b7bbfb7c6b2d8b,
FFV inu patches (2008 - 2010)\bugfixes\ff5_target_meteor.ips,ABSENT,0.0%,0.0%,2,0,2,0,0,2,0,0,0,,87c1635d32e3cb582359a4fe0092a112,
FFV inu patches (2008 - 2010)\bugfixes\ff5_three_images.ips,ABSENT,0.0%,1.2%,170,0,170,0,2,172,0,0,0,,c82be27a494ea08f29d5b5b4742ce846,
FFV inu patches (2008 - 2010)\bugfixes\ff5_twinlance.ips,ABSENT,0.0%,3.5%,109,0,109,0,4,113,0,0,0,,15d83c1ab8447dfb6872aee2cb22f670,
FFV inu patches (2008 - 2010)\bugfixes\ff5_two_handed.ips,ABSENT,0.0%,1.4%,140,0,140,0,2,142,0,0,0,,b062a9591985e509d865d0be71766d0b,
FFV inu patches (2008 - 2010)\bugfixes\ff5_unequip_freeze.ips,ABSENT,0.0%,0.0%,7,0,0,7,0,7,0,0,0,,3b2545da3b3a551c39f3a188d1b8427b,
FFV inu patches (2008 - 2010)\bugfixes\ff5_uptempo_freeze.ips,ABSENT,0.0%,6.9%,27,0,27,0,2,29,0,0,0,,d2b3d2433f7911f1373e9d6aaa0779bc,
FFV inu patches (2008 - 2010)\bugfixes\ff5_weak_category.ips,ABSENT,0.0%,3.0%,128,0,128,0,4,132,0,0,0,,5d08c989969e5655a4e1291b7b5c1e41,
FFV inu patches (2008 - 2010)\bugfixes\ff5_weapon_change_counter.ips,ABSENT,0.0%,5.0%,57,0,57,0,3,60,0,0,0,,0977e4f5ae4236e2e15b5bde5e8c25b2,
FFV inu patches (2008 - 2010)\bugfixes\ff5_x-redirect.ips,ABSENT,0.0%,0.0%,2,0,2,0,0,2,0,0,0,,3e1619c16fa743c1e28cc3d36463a5e2,
FFV inu patches (2008 - 2010)\bugfixes\ff5_zombie_breath.ips,ABSENT,0.0%,11.1%,8,0,8,0,1,9,0,0,-512,,3b3dfc30e6d2bc9594314da8c8976ccc,
FFV inu patches (2008 - 2010)\bugfixes\ff5_zombie_catch.ips,ABSENT,0.0%,0.0%,1,0,1,0,0,1,0,0,0,,a67a028e9ddfbd90e5a6d52b98ca994e,
FFV inu patches (2008 - 2010)\bugfixes\ff5_zombie_freeze.ips,ABSENT,0.0%,5.5%,120,0,120,0,7,127,0,0,0,,7be74da202d4415e8a80d9c3844ca8d4,
FFV inu patches (2008 - 2010)\bugfixes\ff5_zombie_powder.ips,ABSENT,0.0%,5.9%,16,0,16,0,1,17,0,0,0,,5f2b25db951dd86e0c37222aa7d25a1f,
FFV inu patches (2008 - 2010)\ff5_swdslap_standalone by RoSoDude.ips,APPLIED,100.0%,100.0%,106,106,0,0,6,112,0,0,0,,7a229fd9283088c9300eb9e2e02d664d,
FFV inu patches (2008 - 2010)\improve\ff5_ability_menu --- what does this do.ips,ABSENT,0.0%,2.1%,47,0,47,0,1,48,0,0,0,,a0f1da018eeb457c33c292bfbd202e42,
FFV inu patches (2008 - 2010)\improve\ff5_atb_switch (aka X button swap).ips,APPLIED,100.0%,100.0%,265,265,0,0,18,283,0,0,0,,0113e4e308cfa93247e92ac2bcafa857,
FFV inu patches (2008 - 2010)\improve\ff5_dash_gba.ips,PARTIAL,15.8%,17.9%,38,6,0,32,1,39,0,0,0,,b6259980eef02e5392ef247dde97c40c,
FFV inu patches (2008 - 2010)\improve\ff5_dash_ps.ips,APPLIED,100.0%,100.0%,39,39,0,0,0,39,0,0,0,,85fd5b0eb4b823b86cc4fa68bf5e0ed1,
FFV inu patches (2008 - 2010)\improve\ff5_fast_menu_scroll.ips,APPLIED,100.0%,100.0%,26,26,0,0,13,39,0,0,0,,52049cd3781ef50f7033ee545b573982,
FFV inu patches (2008 - 2010)\improve\ff5_fast_nothing.ips,ABSENT,0.0%,0.0%,16,0,16,0,0,16,0,0,0,,2b4eaee6f7a00afc5aaab540219832df,
FFV inu patches (2008 - 2010)\improve\ff5_fast_nothing_old.ips,ABSENT,0.0%,3.5%,139,0,139,0,5,144,0,0,0,,2ab200447aa555eea08c9cf9be5857a7,
FFV inu patches (2008 - 2010)\improve\ff5_field_dash.ips,ABSENT,0.0%,1.4%,73,0,73,0,1,74,0,0,-512,,cc6d93d4c2c0e744ce9e69f29f01504b,
FFV inu patches (2008 - 2010)\improve\ff5_flee.ips,APPLIED,100.0%,100.0%,84,84,0,0,1,85,0,0,0,,bf35fbb36e59bbc9df4fb7108f62385a,
FFV inu patches (2008 - 2010)\improve\ff5_font_punctuation --- try this asap.ips,PARTIAL,48.7%,56.0%,150,73,9,68,25,175,0,0,-512,,dca2d01356e9fd03f54e56a3fbd552a0,
FFV inu patches (2008 - 2010)\improve\ff5_hp_color.ips,APPLIED,100.0%,100.0%,63,63,0,0,6,69,0,0,0,,2fbd5b793e182aef4b50e29f9ea65791,
FFV inu patches (2008 - 2010)\improve\ff5_item_menu.ips,APPLIED,100.0%,100.0%,107,107,0,0,11,118,0,0,0,,eb880f66d756cd5efa34ad1f29a729f5,
FFV inu patches (2008 - 2010)\improve\ff5_items_total.ips,APPLIED,100.0%,100.0%,79,79,0,0,4,83,0,0,0,,e72d65bc181923b5485729f349cd74f6,
FFV inu patches (2008 - 2010)\improve\ff5_kiss_of_blessing.ips,PARTIAL,51.6%,51.6%,31,16,0,15,0,31,0,0,0,,d0da1db7850786b49fb6e39491936970,
FFV inu patches (2008 - 2010)\improve\ff5_lr_menu-1.0.ips,APPLIED,100.0%,100.0%,2889,2889,0,0,115,3004,0,0,0,,88e888c13124138552d28f11af92e625,
FFV inu patches (2008 - 2010)\improve\ff5_lv5_death.ips,ABSENT,0.0%,6.2%,15,0,15,0,1,16,0,0,0,,0712e32e0532293f0a3c428a79af11cc,
FFV inu patches (2008 - 2010)\improve\ff5_player_name.ips,ABSENT,1.6%,4.5%,64,1,41,22,2,66,0,0,-512,,80d4011c2d8b5067a0b0c76ffa806478,
FFV inu patches (2008 - 2010)\improve\ff5_sort.ips,APPLIED,98.1%,98.1%,154,151,0,3,3,157,0,0,0,,d59ebb539ebc3c7c74270c7e21b3e8b2,
FFV inu patches (2008 - 2010)\improve\ff5_sortplus.ips,PARTIAL,10.8%,20.4%,166,18,19,129,20,186,0,0,0,,70777a70d6152ee15a3efb2bd2331aa1,
FFV inu patches (2008 - 2010)\improve\ff5_steal3x.ips,ABSENT,3.9%,5.3%,258,10,154,94,4,262,0,0,-512,,c8be5234fdfafbbb53b40005e23d9bee,
FFV inu patches (2008 - 2010)\improve\ff5_sword_dance.ips,APPLIED,100.0%,100.0%,96,96,0,0,7,103,0,0,0,,ee7989525ab9229dd974517ea906e17c,
FFV inu patches (2008 - 2010)\improve\tactical Berserk\ff5_berserk_command.ips,APPLIED,100.0%,100.0%,53,53,0,0,0,53,0,0,0,,5400c07ab6eb84a8f824256d1605b196,
FFV inu patches (2008 - 2010)\uninstall\anti_ff5_ability_menu.ips,NO-OP,-,100.0%,0,0,0,0,48,48,0,0,0,yes,f3152b137ebc6fae357ff37c95815761,
FFV inu patches (2008 - 2010)\uninstall\anti_ff5_atomos_wormhole.ips,NO-OP,-,100.0%,0,0,0,0,7,7,0,0,0,yes,30e750dba17a550847f2fc0bc9204281,
FFV inu patches (2008 - 2010)\uninstall\anti_ff5_auto_jump.ips,NO-OP,-,100.0%,0,0,0,0,31,31,0,0,0,yes,83dc70de40d0bedf28f93c90dd497914,
FFV inu patches (2008 - 2010)\uninstall\anti_ff5_berserk_jump.ips,NO-OP,-,100.0%,0,0,0,0,51,51,0,0,0,yes,d4eeb4a42818fa0181b048c60cc10db5,
FFV inu patches (2008 - 2010)\uninstall\anti_ff5_butz_blue_mage_gfx.ips,NO-OP,-,100.0%,0,0,0,0,64,64,0,0,0,yes,7a5cbf32208ad0ff24cdb876f1534a84,
FFV inu patches (2008 - 2010)\uninstall\anti_ff5_check.ips,NO-OP,-,100.0%,0,0,0,0,1,1,0,0,0,yes,1bd8b2c478ece86cdb6b95d5329f1f89,
FFV inu patches (2008 - 2010)\uninstall\anti_ff5_chemist_ending.ips,NO-OP,-,100.0%,0,0,0,0,3,3,0,0,0,yes,279176099e62dbd032bb5c3be051ac68,
FFV inu patches (2008 - 2010)\uninstall\anti_ff5_condemned.ips,NO-OP,-,100.0%,0,0,0,0,81,81,0,0,0,yes,2bd8da850c3a6076682f5a9441fc0061,
FFV inu patches (2008 - 2010)\uninstall\anti_ff5_core-1.6.ips,ABSENT,0.0%,99.4%,8,0,8,0,1438,1446,0,0,0,yes,61317f670925345d721d6e8f1f7ddc14,
FFV inu patches (2008 - 2010)\uninstall\anti_ff5_counter.ips,NO-OP,-,100.0%,0,0,0,0,2,2,0,0,0,yes,29aa1df7b04dc57e04599061b9716973,
FFV inu patches (2008 - 2010)\uninstall\anti_ff5_damage_overflow.ips,NO-OP,-,100.0%,0,0,0,0,26,26,0,0,0,yes,bc32393b8c3efd9f3391923bcf89583e,
FFV inu patches (2008 - 2010)\uninstall\anti_ff5_damage_overflow_mp.ips,NO-OP,-,100.0%,0,0,0,0,72,72,0,0,0,yes,2aab5926e3c92a6745e271207f329e5c,
FFV inu patches (2008 - 2010)\uninstall\anti_ff5_darkbow.ips,NO-OP,-,100.0%,0,0,0,0,7,7,0,0,0,yes,9345494e6f2a04013d976504f7784b11,
FFV inu patches (2008 - 2010)\uninstall\anti_ff5_dash.ips,NO-OP,-,100.0%,0,0,0,0,49,49,0,0,0,yes,73f8607081ef83e2fa47c45c20ef633d,
FFV inu patches (2008 - 2010)\uninstall\anti_ff5_dead_aegis_shield.ips,ABSENT,4.2%,4.2%,24,1,0,23,0,24,0,0,-512,yes,963beb0f72e2337081eaf4b72977880c,
FFV inu patches (2008 - 2010)\uninstall\anti_ff5_escape.ips,NO-OP,-,100.0%,0,0,0,0,5,5,0,0,0,yes,d5d69aba932c69e3fb5a56ced401b4e5,
FFV inu patches (2008 - 2010)\uninstall\anti_ff5_evade_animation.ips,NO-OP,-,100.0%,0,0,0,0,88,88,0,0,0,yes,6ea6b8947c7ca02ec2ce5eff40416d87,
FFV inu patches (2008 - 2010)\uninstall\anti_ff5_evade_overflow.ips,NO-OP,-,100.0%,0,0,0,0,61,61,0,0,0,yes,166e06e7f8dd0e539e711b65faa2ceee,
FFV inu patches (2008 - 2010)\uninstall\anti_ff5_ext-1.2.ips,NO-OP,-,100.0%,0,0,0,0,627,627,0,0,0,yes,79a64cfc79eda05beaf0f6555465413a,
FFV inu patches (2008 - 2010)\uninstall\anti_ff5_fast_nothing.ips,ABSENT,0.0%,0.0%,16,0,16,0,0,16,0,0,0,yes,5999fd047475b79a6b6afbebe9cb734a,
FFV inu patches (2008 - 2010)\uninstall\anti_ff5_fast_nothing_old.ips,NO-OP,-,100.0%,0,0,0,0,144,144,0,0,0,yes,84f430636c518d30d765f4d46ef6812d,
FFV inu patches (2008 - 2010)\uninstall\anti_ff5_gaiahammer.ips,NO-OP,-,100.0%,0,0,0,0,14,14,0,0,0,yes,b84b74a21b338d6e00b2162ada4d0173,
FFV inu patches (2008 - 2010)\uninstall\anti_ff5_giantdrink_enemy.ips,NO-OP,-,100.0%,0,0,0,0,39,39,0,0,0,yes,8f80f1d1057a081f3c8a7158c6f6ebe2,
FFV inu patches (2008 - 2010)\uninstall\anti_ff5_golem.ips,NO-OP,-,100.0%,0,0,0,0,9,9,0,0,0,yes,09df86a50add2c20dfe1750e0db2c210,
FFV inu patches (2008 - 2010)\uninstall\anti_ff5_hide_escape.ips,NO-OP,-,100.0%,0,0,0,0,51,51,0,0,0,yes,dd13fb1f3398ecf7f7be12744c3224a8,
FFV inu patches (2008 - 2010)\uninstall\anti_ff5_hide_reveal.ips,NO-OP,-,100.0%,0,0,0,0,19,19,0,0,0,yes,c0a3bc2d1c1993412989d88cc6c58287,
FFV inu patches (2008 - 2010)\uninstall\anti_ff5_hp_leak_counter.ips,NO-OP,-,100.0%,0,0,0,0,26,26,0,0,0,yes,3b83e62cc9da2766502cd5fc9818af0e,
FFV inu patches (2008 - 2010)\uninstall\anti_ff5_hp_leak_down.ips,NO-OP,-,100.0%,0,0,0,0,6,6,0,0,0,yes,d3b81c0fc00c3cb8ac59cb3f8fb97eef,
FFV inu patches (2008 - 2010)\uninstall\anti_ff5_ineffective.ips,NO-OP,-,100.0%,0,0,0,0,13,13,0,0,0,yes,e953b49f22ec0b6c1555afb83419020c,
FFV inu patches (2008 - 2010)\uninstall\anti_ff5_infinite_items.ips,NO-OP,-,100.0%,0,0,0,0,1,1,0,0,0,yes,4d85092f7ae67c5383bf914f9a4a80f8,
FFV inu patches (2008 - 2010)\uninstall\anti_ff5_item_delay.ips,NO-OP,-,100.0%,0,0,0,0,17,17,0,0,0,yes,43d6dc2016dac9b275bc95b5239f6838,
FFV inu patches (2008 - 2010)\uninstall\anti_ff5_item_evade.ips,ABSENT,0.0%,9.1%,10,0,10,0,1,11,0,0,0,yes,94ddeaf758eaa699b1222714dce0a3d7,
FFV inu patches (2008 - 2010)\uninstall\anti_ff5_item_menu.ips,NO-OP,-,100.0%,0,0,0,0,118,118,0,0,0,yes,d2d970ea6428a40ce48596e4ee5ef29c,
FFV inu patches (2008 - 2010)\uninstall\anti_ff5_item_stat_bonus.ips,NO-OP,-,100.0%,0,0,0,0,40,40,0,0,0,yes,11036906453a54dc4330b4fa6219bcdb,
FFV inu patches (2008 - 2010)\uninstall\anti_ff5_item_transform.ips,NO-OP,-,100.0%,0,0,0,0,11,11,0,0,0,yes,9e812133913b35a813fe3d91776fbbb2,
FFV inu patches (2008 - 2010)\uninstall\anti_ff5_item_weight.ips,ABSENT,0.0%,0.0%,19,0,19,0,0,19,0,0,0,yes,0bee25a988a383295d74a9aa85380c00,
FFV inu patches (2008 - 2010)\uninstall\anti_ff5_kiss_of_blessing.ips,NO-OP,-,100.0%,0,0,0,0,31,31,0,0,0,yes,63a972a135516314490f8a0eb0ce316d,
FFV inu patches (2008 - 2010)\uninstall\anti_ff5_learning.ips,NO-OP,-,100.0%,0,0,0,0,199,199,0,0,0,yes,e6463079706da84e04907e432182ad79,
FFV inu patches (2008 - 2010)\uninstall\anti_ff5_lv5_death.ips,NO-OP,-,100.0%,0,0,0,0,16,16,0,0,0,yes,22acdf12448b18d4cf4da61cc9ffc074,
FFV inu patches (2008 - 2010)\uninstall\anti_ff5_magical_weapon.ips,NO-OP,-,100.0%,0,0,0,0,14,14,0,0,0,yes,756d8e6fdecce307ecec36ff1b9bd753,
FFV inu patches (2008 - 2010)\uninstall\anti_ff5_magicshell.ips,NO-OP,-,100.0%,0,0,0,0,149,149,0,0,0,yes,d5e066facd661e86ce5dbdbf0b71f1a8,
FFV inu patches (2008 - 2010)\uninstall\anti_ff5_magicshell_fast.ips,ABSENT,0.0%,3.3%,89,0,89,0,3,92,0,0,0,yes,5f9ff967719bf58e335020efd789a176,
FFV inu patches (2008 - 2010)\uninstall\anti_ff5_magicshell_group.ips,ABSENT,0.0%,50.0%,1,0,1,0,1,2,0,0,-512,yes,08476e79e4f0c9a1ca9da1dd9d3b2863,
FFV inu patches (2008 - 2010)\uninstall\anti_ff5_magicshell_reflect.ips,ABSENT,0.0%,0.0%,2,0,2,0,0,2,0,0,0,yes,2802003a948b813ffc2be978a496994a,
FFV inu patches (2008 - 2010)\uninstall\anti_ff5_mimic_blank.ips,ABSENT,0.0%,0.0%,5,0,5,0,0,5,0,0,0,yes,480fb945d962f804bdc0cbcd28639f52,
FFV inu patches (2008 - 2010)\uninstall\anti_ff5_mimic_meteor.ips,NO-OP,-,100.0%,0,0,0,0,118,118,0,0,0,yes,d6edebbcd25a3bd4050e70dbdb598180,
FFV inu patches (2008 - 2010)\uninstall\anti_ff5_mimic_weapon.ips,ABSENT,0.0%,0.0%,18,0,18,0,0,18,0,0,0,yes,54e504f760a0437d3d378c0548b07cee,
FFV inu patches (2008 - 2010)\uninstall\anti_ff5_mini_and_toad.ips,NO-OP,-,100.0%,0,0,0,0,6,6,0,0,0,yes,a2191dea35edb5a3f71a44c0048b0e4f,
FFV inu patches (2008 - 2010)\uninstall\anti_ff5_multi_se.ips,NO-OP,-,100.0%,0,0,0,0,1,1,0,0,0,yes,9c997baa05006d9e2200717591cbee37,
FFV inu patches (2008 - 2010)\uninstall\anti_ff5_old.ips,NO-OP,-,100.0%,0,0,0,0,60,60,0,0,0,yes,87de3f29cbb7cfc51f0063574f358dca,
FFV inu patches (2008 - 2010)\uninstall\anti_ff5_old_timer.ips,NO-OP,-,100.0%,0,0,0,0,12,12,0,0,0,yes,02931e9cceb851aeb0b76bfb0e91591a,
FFV inu patches (2008 - 2010)\uninstall\anti_ff5_player_name.ips,ABSENT,0.0%,78.8%,14,0,14,0,52,66,0,0,0,yes,88f6cd83474c5eef79b233533f2e1151,
FFV inu patches (2008 - 2010)\uninstall\anti_ff5_possess.ips,NO-OP,-,100.0%,0,0,0,0,1,1,0,0,0,yes,fbd483c2c4a20d1f0a8aaddc1bb4ce6d,
FFV inu patches (2008 - 2010)\uninstall\anti_ff5_powerdrink.ips,NO-OP,-,100.0%,0,0,0,0,55,55,0,0,0,yes,54c77078e518c5b651153cbe9ee7165d,
FFV inu patches (2008 - 2010)\uninstall\anti_ff5_react_against_all_target.ips,NO-OP,-,100.0%,0,0,0,0,18,18,0,0,0,yes,4ab0adb9362926ee9c301e397adc21d5,
FFV inu patches (2008 - 2010)\uninstall\anti_ff5_react_against_reflect.ips,NO-OP,-,100.0%,0,0,0,0,52,52,0,0,0,yes,37b60342861bb1d8da8bdb530080ad90,
FFV inu patches (2008 - 2010)\uninstall\anti_ff5_reapply_item_element.ips,ABSENT,0.0%,77.9%,23,0,23,0,81,104,0,0,0,yes,c339d06d6650803994f7f9e8b3939c67,
FFV inu patches (2008 - 2010)\uninstall\anti_ff5_reapply_item_immunity.ips,ABSENT,0.0%,0.0%,9,0,9,0,0,9,0,0,0,yes,fd8620359e7763f5fa0e0ce9bdcbdcb6,
FFV inu patches (2008 - 2010)\uninstall\anti_ff5_reapply_item_state.ips,NO-OP,-,100.0%,0,0,0,0,71,71,0,0,0,yes,385702c23035588a0b91c37777265256,
FFV inu patches (2008 - 2010)\uninstall\anti_ff5_remedy_petrified.ips,NO-OP,-,100.0%,0,0,0,0,1,1,0,0,0,yes,3e2cd80209eb4312b5482afbb2d16313,
FFV inu patches (2008 - 2010)\uninstall\anti_ff5_remember.ips,NO-OP,-,100.0%,0,0,0,0,1,1,0,0,0,yes,f150ea14199527cdbfa715ae8b33ea81,
FFV inu patches (2008 - 2010)\uninstall\anti_ff5_return.ips,NO-OP,-,100.0%,0,0,0,0,61,61,0,0,0,yes,d8cdf9af5cf702288a00b5f618f2676a,
FFV inu patches (2008 - 2010)\uninstall\anti_ff5_return_se.ips,NO-OP,-,100.0%,0,0,0,0,1,1,0,0,0,yes,47ae7abc2fcaa24ccd3be812bb140304,
FFV inu patches (2008 - 2010)\uninstall\anti_ff5_roulette.ips,NO-OP,-,100.0%,0,0,0,0,105,105,0,0,0,yes,06bc06b22627f0757e01bbc47dab8ad5,
FFV inu patches (2008 - 2010)\uninstall\anti_ff5_sandworm.ips,NO-OP,-,100.0%,0,0,0,0,25,25,0,0,0,yes,263eaf8f43d09349045ad739c71b6ff4,
FFV inu patches (2008 - 2010)\uninstall\anti_ff5_song.ips,NO-OP,-,100.0%,0,0,0,0,51,51,0,0,0,yes,963635fcb79700ec642d063bc1975683,
FFV inu patches (2008 - 2010)\uninstall\anti_ff5_sort.ips,NO-OP,-,100.0%,0,0,0,0,157,157,0,0,0,yes,240a5727c5cd2ac05248f5c36b8f0dec,
FFV inu patches (2008 - 2010)\uninstall\anti_ff5_specialty.ips,NO-OP,-,100.0%,0,0,0,0,125,125,0,0,0,yes,6f6ce3ed2ba58191c0887e57be75da30,
FFV inu patches (2008 - 2010)\uninstall\anti_ff5_spellblade_osmose.ips,NO-OP,-,100.0%,0,0,0,0,20,20,0,0,0,yes,783387b8a77bf25dd6a62a33d7ca54ae,
FFV inu patches (2008 - 2010)\uninstall\anti_ff5_stuck_bug.ips,NO-OP,-,100.0%,0,0,0,0,99,99,0,0,0,yes,40d1bb4de8d94b652ae9816c397ffa5d,
FFV inu patches (2008 - 2010)\uninstall\anti_ff5_stuck_teleport.ips,NO-OP,-,100.0%,0,0,0,0,14,14,0,0,0,yes,38a1eb4c226ac0417d3996f897b64016,
FFV inu patches (2008 - 2010)\uninstall\anti_ff5_swdslap.ips,ABSENT,0.0%,6.1%,31,0,2,29,2,33,0,0,0,yes,c2f6ecab6757b608d7b3ccdce785cd35,
FFV inu patches (2008 - 2010)\uninstall\anti_ff5_target_meteor.ips,NO-OP,-,100.0%,0,0,0,0,2,2,0,0,0,yes,0853d00e3059d79163f3c78bc93369db,
FFV inu patches (2008 - 2010)\uninstall\anti_ff5_three_images.ips,NO-OP,-,100.0%,0,0,0,0,172,172,0,0,0,yes,cc1da4dfe4af8da0c08c5847ef9ee261,
FFV inu patches (2008 - 2010)\uninstall\anti_ff5_twinlance.ips,NO-OP,-,100.0%,0,0,0,0,113,113,0,0,0,yes,cbe432ef73abeb3326c5cd4e20e41678,
FFV inu patches (2008 - 2010)\uninstall\anti_ff5_two_handed.ips,NO-OP,-,100.0%,0,0,0,0,142,142,0,0,0,yes,69bc8fa3cffe0cb6999f6826058d7c5f,
FFV inu patches (2008 - 2010)\uninstall\anti_ff5_unequip_freeze.ips,NO-OP,-,100.0%,0,0,0,0,7,7,0,0,0,yes,945d241e86f3f60a7ab617824b14b4bf,
FFV inu patches (2008 - 2010)\uninstall\anti_ff5_uptempo_freeze.ips,NO-OP,-,100.0%,0,0,0,0,29,29,0,0,0,yes,c87650e62503d40bdad4cffe98862cde,
FFV inu patches (2008 - 2010)\uninstall\anti_ff5_weak_category.ips,NO-OP,-,100.0%,0,0,0,0,132,132,0,0,0,yes,02f268fcbff2495dc12b62a216bd11e3,
FFV inu patches (2008 - 2010)\uninstall\anti_ff5_weapon_change_counter.ips,NO-OP,-,100.0%,0,0,0,0,60,60,0,0,0,yes,384d32f067efbd28e216cd038d85fc9a,
FFV inu patches (2008 - 2010)\uninstall\anti_ff5_x-redirect.ips,NO-OP,-,100.0%,0,0,0,0,2,2,0,0,0,yes,393ba6082c206c95d6cd220645a32c62,
FFV inu patches (2008 - 2010)\uninstall\anti_ff5_zombie_breath.ips,NO-OP,-,100.0%,0,0,0,0,9,9,0,0,0,yes,1d34c82f3a5712ded2e8cfab09fa0eb8,
FFV inu patches (2008 - 2010)\uninstall\anti_ff5_zombie_catch.ips,NO-OP,-,100.0%,0,0,0,0,1,1,0,0,0,yes,b85dd0712ffec031fe1f59932a195616,
FFV inu patches (2008 - 2010)\uninstall\anti_ff5_zombie_freeze.ips,NO-OP,-,100.0%,0,0,0,0,127,127,0,0,0,yes,53649e74800aef6b259cda80a7719c35,
FFV inu patches (2008 - 2010)\uninstall\anti_ff5_zombie_powder.ips,NO-OP,-,100.0%,0,0,0,0,17,17,0,0,0,yes,63c40226c233767ec61ec380a54d0c18,
FFV inu patches (2008 - 2010)\updates\ff5_core-1.4_to_1.5.ips,APPLIED,100.0%,100.0%,430,430,0,0,11,441,0,0,0,,690cb23e84446e9c449626735c0c9290,
FFV inu patches (2008 - 2010)\updates\ff5_core-1.5_to_1.6+monsters_magic_point+reapply_item_immunity.ips,ABSENT,0.0%,14.8%,341,0,341,0,59,400,0,0,0,,d9abeff40ea1f32410b24f05e409ff40,
FFV inu patches (2008 - 2010)\updates\ff5_core-1.5_to_1.6+monsters_magic_point.ips,ABSENT,0.0%,14.8%,341,0,341,0,59,400,0,0,0,,dac9199d3c5b1f5011fc3009a32c5a5f,
FFV inu patches (2008 - 2010)\updates\ff5_core-1.5_to_1.6+reapply_item_immunity.ips,ABSENT,0.0%,2.6%,375,0,375,0,10,385,0,0,0,,0346cd81991b7013d8c759c40b247f53,
FFV inu patches (2008 - 2010)\updates\ff5_core-1.6_to_1.7.ips,ABSENT,0.0%,10.2%,194,0,194,0,22,216,0,0,0,,bfa15c5983bfe32e82ebfdf6e7856e13,
FFV inu patches (2008 - 2010)\updates\ff5_ext-1.0_to_1.1.ips,ABSENT,0.0%,6.1%,62,0,62,0,4,66,0,0,0,,62bd74a86c79ccd825cb9d3973dceaf2,
FFV inu patches (2008 - 2010)\updates\ff5_ext-1.1_to_1.2a.ips,ABSENT,0.0%,7.2%,285,0,285,0,22,307,0,0,0,,3dcacfa9125fe885cf80fb7556e188cb,
mine\_FFV Advanced Items v01.ips,ABSENT,1.0%,28.1%,523,5,423,95,197,720,0,0,0,,1ed769536b719a116fabc55d61b9b86a,
mine\_Final Fantasy V J (CRC32 = C1BC267D) Galuf Green Coat on Map.ips,APPLIED,100.0%,100.0%,279,279,0,0,159,438,0,0,0,,c6c872a21a4311aa17f87c55bd84fc86,mine\FFV (CRC32 = C1BC267D) 地図上のガラフの緑のコート.ips
mine\alt Faris MNK+WHM+DRG.ips,ABSENT,0.0%,25.1%,869,0,865,4,291,1160,0,0,0,,26bf5d72d3ab18f878aab32f44af379d,
"mine\Berserker like other Jobs, $029D58-59 into $FF FF (by xJ4cks).ips",ABSENT,0.0%,0.0%,2,0,2,0,0,2,0,0,0,,2ab86baaf0f803749dd1e9b4d4a733ab,
mine\Cleaner Font for FFV+FF5r.ips,PARTIAL,74.6%,80.8%,2896,2159,53,684,951,3847,0,0,0,,026cf0d79e4b0ee1a8e72286ea5327ad,
mine\DualCast for Clean.ips,APPLIED,100.0%,100.0%,7,7,0,0,0,7,0,0,0,,43066af268d1207096e9b12d8ced759f,
mine\FF5r ALT CID.ips,APPLIED,100.0%,100.0%,603,603,0,0,251,854,0,0,0,,0686f1c7c3befb1fefc0acaa6d8a3b5a,mine\FFV ALT CID.ips
"mine\FFV (RPGe) Even Better Weapons, by xJ4cks.ips",ABSENT,0.0%,69.5%,25,0,20,5,57,82,0,0,0,,897f617055cf83ff5b6f77424a1f4cdb,
mine\FFV Clean Krile + Lenna + Bartz.ips,PARTIAL,90.7%,92.5%,27208,24667,1893,648,6882,34090,0,0,0,,887b55912f6dcc0d3bbb8a3bf797d175,
mine\FFV Clean Krile+Lenna.ips,APPLIED,97.1%,97.7%,24457,23736,180,541,6269,30726,0,0,0,,677c9c7f7cd54dff4050d6a8c2f4a161,
mine\FFV Clean Krile.ips,ABSENT,0.0%,36.7%,93,0,93,0,54,147,0,0,0,,c0ecad22c77c73829561896ab85f4110,
mine\FFV ReJobbed Unchibi Krile by xJ4cks.ips,PARTIAL,23.2%,34.0%,25162,5830,3695,15637,4146,29308,0,0,0,,ae70f58db8d86aca79e63e1be7e9c1f9,
mine\FFV RPGe Clean NPCs - xJ4cks.ips,APPLIED,100.0%,100.0%,136815,136809,0,6,3596,140411,0,0,0,,319523007085274f53d68ea8de8d06ed,
mine\FFV RPGe Clean NPCs.ips,APPLIED,100.0%,100.0%,136814,136809,0,5,3596,140410,0,0,0,,f56f83ca5179b2764ac2bf4432e131c4,
mine\FFV RPGe Clean Warriors.ips,PARTIAL,38.2%,92.9%,184135,70341,17151,96643,1421009,1605144,0,1572864,0,,c6f20aa1c24d8f21ae5d5ed040d62119,
"mine\FFV RPGe without 'abc' in Naming Menu, by xJ4cks.ips",APPLIED,100.0%,100.0%,9,9,0,0,12,21,0,0,0,,485e8990847fa635ca34c6bdb0a78505,
mine\FFV(RPGe) Galuf Mimic - xJ4cks.ips,PARTIAL,62.3%,67.3%,1314,818,6,490,202,1516,0,0,0,,19d31df6cd536358b2b6f0a7c298339b,
mine\Final Fantasy V Pantz n Sleeves 4.ips,PARTIAL,84.0%,89.8%,493,414,54,25,283,776,0,0,0,,767b2c9c53ec4dc8004f37f8460e7d21,
mine\Galuf Mime by xJ4cks.ips,PARTIAL,62.7%,67.6%,1318,827,6,485,198,1516,0,0,0,,c4a4527a6a4fbc7d731049605facf5d7,
mine\Green Shirt Faris Thief.ips,ABSENT,0.0%,27.8%,265,0,261,4,102,367,0,0,0,,e259a782326c1c7763c14b8484b61a83,
mine\KrileBlueBeret.ips,PARTIAL,6.0%,25.5%,84,5,13,66,22,106,0,0,0,,c92dc888c97a70c58acb11899a55f450,
mine\KrileRedBeret (to restore Vanilla BlueMage battle sprites).ips,ABSENT,1.0%,6.6%,100,1,28,71,6,106,0,0,-512,,07b51c085b5b7b6f1f8bfa7bac39d361,
"mine\Lix & Wind Shrine path\FFV - Accessible Lix, by xJ4cks.ips",ABSENT,0.0%,3.8%,73132,0,73128,4,2895,76027,0,0,0,,1dffe7cc2000ef80be1eb362dc88babc,"mine\Lix & Wind Shrine path\Lix & Wind Shrine path.zip::FFV - Accessible Lix, by xJ4cks.ips"
"mine\Lix & Wind Shrine path\FFV - Original Lix, by xJ4cks.ips",NO-OP,-,100.0%,0,0,0,0,76028,76028,0,0,0,,d983dd7d73bf43c3aac0bfe2d76824c7,"mine\Lix & Wind Shrine path\Lix & Wind Shrine path.zip::FFV - Original Lix, by xJ4cks.ips"
mine\Original (Ugly) Shirt Faris Thief.ips,NO-OP,-,100.0%,0,0,0,0,328,328,0,0,0,,ec4a89776cd5d50d149a07503401efe1,
mine\RapidFire for Clean.ips,APPLIED,100.0%,100.0%,7,7,0,0,0,7,0,0,0,,5c1e218aaf050bf5551bde7587662a94,
mine\unchibi Jobless v1.0 (RPGe).ips,PARTIAL,91.3%,93.1%,24234,22132,384,1718,6311,30545,0,0,0,,f36fd8f8406b2096b0ecb713563a5e45,
plz sort\Cid canon sprites FFVJ - xJ4cks .ips,PARTIAL,92.5%,94.6%,586,542,23,21,236,822,0,0,0,,b6e89bcd86a354bda240dd9e2ebe1f22,
plz sort\FF5Clean Castlevania3 Font (xJ4cks & sleepyren).ips,PARTIAL,60.1%,63.4%,1347,810,24,513,119,1466,0,0,0,,d47576be861ee45fd5958415b4acf5c9,
"plz sort\FFV - Weapon 1.7 Equip for Thief, Ninja.ips",APPLIED,100.0%,100.0%,6,6,0,0,0,6,0,0,0,,f8f829ba7b92264030bd51094b801fcd,
plz sort\FFV Clean - Serity's Equip Icons upgrade.ips,PARTIAL,88.1%,92.9%,160,141,0,19,108,268,0,196,0,,3c00571fb29c8bc34aaa5de3a3028892,
"plz sort\FFV vanilla Passages, Pitfalls, DmgFloors.ips",ABSENT,0.0%,44.7%,26,0,22,4,21,47,0,0,0,,e9a7aad4ad053903ea0f57f7b2ae4d25,
plz sort\Final Fantasy V (Japan) [En by RPGe v1.1] - Whirlwind - v3.11 by clymax.ips,ABSENT,0.1%,87.0%,237565,133,225341,12091,1582163,1819728,0,1572864,0,,cd694e53b5c2e627f3774bc1a87d7a6a,
plz sort\Krile Freelancer Fixer v3 - xJ4cks .ips,APPLIED,99.3%,99.4%,824,818,2,4,204,1028,0,0,0,,ec5db3f66db1e1fb71d2a1d4ceb03b1e,
plz sort\new Krile - xJ4cks .ips,APPLIED,99.4%,99.6%,1036,1030,2,4,309,1345,0,0,0,,81d5f482fac4a0032056ea8a74c66d18,
"backups, other ppls patches\[5665]ff5_dbl_xp_gold_abp.zip::FFV Clean v195.ips",PARTIAL,67.5%,94.6%,360788,243399,17732,99657,1806815,2167603,0,1572864,0,,ed16b13679f11a657a86ca12b9066bee,
"backups, other ppls patches\[6893]ff5_nomissables_v1.0 - Tzepish.zip::ff5_nomissables_shop_price_changes.ips",ABSENT,0.0%,18.8%,69,0,69,0,16,85,0,0,0,,221230462fd9400ff7e15234381bec46,
"backups, other ppls patches\[6893]ff5_nomissables_v1.0 - Tzepish.zip::ff5_nomissables_treasure_monster_changes.ips",ABSENT,0.0%,23.3%,23,0,23,0,7,30,0,0,0,,55e30395b24b1e31816d6af850daa2b7,
"backups, other ppls patches\[6926]ff5_alljobs - Modoh.zip::ff5_alljobs.ips",ABSENT,0.0%,10.5%,17,0,13,4,2,19,0,0,0,,ad2d0175ad36cb6918f6af1c5dd28034,
"backups, other ppls patches\Game versions\[5790]Super_Custom_Classes_v100 - ludmeister + FlamePurge.zip::Super_Custom_Classes_v100.ips",PARTIAL,61.7%,68.3%,1845,1138,141,566,385,2230,0,0,0,,29177a26d63b64c4a6b917bd94c0ce4c,
"backups, other ppls patches\Game versions\Final Fantasy V-Pixel Freemaster (v4.85 by Nintenja and Various authors).7z::Final Fantasy V-Pixel Freemaster (All Jobs Unlocked not included & No 2x abp,gil,xp).ips",PARTIAL,6.9%,58.1%,290334,20067,43735,226532,355093,645427,0,0,0,,12c918ea5c7f1d19fa194a56472c53fe,
"backups, other ppls patches\Game versions\Final Fantasy V-Pixel Freemaster (v4.85 by Nintenja and Various authors).7z::Final Fantasy V-Pixel Freemaster (All Jobs Unlocked not included + 2x abp,gil,xp).ips",PARTIAL,6.9%,58.1%,290394,20067,43795,226532,355093,645487,0,0,0,,8d717e26e5eb77aa29408c76e8dcb94e,
"backups, other ppls patches\Game versions\Final Fantasy V-Pixel Freemaster (v4.85 by Nintenja and Various authors).7z::Final Fantasy V-Pixel Freemaster-Kick Butz Edition (All Jobs Unlocked Included & No 2x abp,gil,xp).ips",PARTIAL,6.9%,58.1%,290351,20067,43748,226536,355095,645446,0,0,0,,856a81d16589e6d923a9f83ffbcc4b65,
"backups, other ppls patches\Game versions\Final Fantasy V-Pixel Freemaster (v4.85 by Nintenja and Various authors).7z::Final Fantasy V-Pixel Freemaster-Kick Butz Edition (All Jobs Unlocked Included + 2x abp,gil,xp).ips",PARTIAL,6.7%,58.1%,289027,19334,43683,226010,354785,643812,0,0,0,,2ca47ae3fd3368e2be6059b81e6a4b44,
"backups, other ppls patches\真説FF5r-IC Ver.2.0.0.zip::É^ÉαFF5r-IC Ver.2.0.0/É^Éα FF5r-IC Ver.2.0.0/É^ÉαFF5r-IC Disc1.ips",ABSENT,5.0%,5.3%,80954,4015,68558,8381,261,81215,0,2250,0,,09da91794392e76aaab621f8f526ddcb,
"backups, other ppls patches\真説FF5r-IC Ver.2.0.0.zip::É^ÉαFF5r-IC Ver.2.0.0/É^Éα FF5r-IC Ver.2.0.0/É^ÉαFF5r-IC Disc2.ips",ABSENT,4.2%,4.7%,97513,4139,81462,11912,456,97969,0,4195,0,,dd98cd195a5b77c125977a5316fbbf0d,
"backups, other ppls patches\真説FF5r-IC Ver.2.0.0.zip::É^ÉαFF5r-IC Ver.2.0.0/É^Éα FF5r-IC Ver.2.0.0/É^ÉαFF5r-IC Disc3.ips",ABSENT,3.9%,4.5%,106459,4147,90091,12221,722,107181,0,5851,0,,dc25b654376178ca45090b7e1df56b64,
"backups, other ppls patches\[6789]Final+Fantasy+V+Tweaks+v2.7b\Optional Patches\._GBA Font.ips",ERROR,,,,,,,,,,,,,,missing PATCH magic
"backups, other ppls patches\[6789]Final+Fantasy+V+Tweaks+v2.7b\Optional Patches\._Inus_patches.ips",ERROR,,,,,,,,,,,,,,missing PATCH magic
"backups, other ppls patches\[6789]Final+Fantasy+V+Tweaks+v2.7b\Optional Patches\._Old Font.ips",ERROR,,,,,,,,,,,,,,missing PATCH magic
"backups, other ppls patches\[6789]Final+Fantasy+V+Tweaks+v2.7b\Optional Patches\._PS1 Font.ips",ERROR,,,,,,,,,,,,,,missing PATCH magic
"backups, other ppls patches\[6789]Final+Fantasy+V+Tweaks+v2.7b\Optional Patches\._PS1_Dash.ips",ERROR,,,,,,,,,,,,,,missing PATCH magic
"backups, other ppls patches\GBA script patch for RPGe.zip::__MACOSX/GBA script patch for RPGe/._Bugfixes.ips",ERROR,,,,,,,,,,,,,,missing PATCH magic
"backups, other ppls patches\GBA script patch for RPGe.zip::__MACOSX/GBA script patch for RPGe/._Final Fantasy V - GBA Script Port.ips",ERROR,,,,,,,,,,,,,,missing PATCH magic
